<?xml version="1.0" ?>
<manifest identifier="a531FJYouD2-zH0koKnxMuqyxnbHcznL6WlvuV9c" version="1"
  xmlns="http://www.imsproject.org/xsd/imscp_rootv1p1p2"
  xmlns:adlcp="http://www.adlnet.org/xsd/adlcp_rootv1p2"
  xmlns:xsi="http://www.w3.org/2001/XMLSchema-instance"
  xsi:schemaLocation="http://www.imsproject.org/xsd/imscp_rootv1p1p2 imscp_rootv1p1p2.xsd
                      http://www.imsglobal.org/xsd/imsmd_rootv1p2p1 imsmd_rootv1p2p1.xsd
                      http://www.adlnet.org/xsd/adlcp_rootv1p2 adlcp_rootv1p2.xsd">
  <metadata>
    <schema>ADL SCORM</schema>
    <schemaversion>1.2</schemaversion>
    <adlcp:location>metadata.xml</adlcp:location>
  </metadata>
  <organizations default="articulate_rise">
      <organization identifier="articulate_rise">
      <title>How to be who you are meant to be?</title>
      <item identifier="i1" identifierref="r1" isvisible="true">
        <title>How to be who you are meant to be?</title>
      </item>
    </organization>
  </organizations>
  <resources>
    <resource identifier="r1" type="webcontent" adlcp:scormtype="sco" href="scormdriver/indexAPI.html">
      <!-- SCORMDRIVER STUFF -->
      <file href="scormdriver/indexAPI.html" />
      <file href="scormdriver/AICCComm.html" />
      <file href="scormdriver/auto-scripts/AutoBookmark.js" />
      <file href="scormdriver/auto-scripts/AutoCompleteSCO.js" />
      <file href="scormdriver/auto-scripts/CourseExit.js" />
      <file href="scormdriver/blank.html" />
      <file href="scormdriver/goodbye.html" />
      <file href="scormdriver/scormdriver.js" />
      <file href="scormdriver/browsersniff.js" />

      <!-- RUNTIME COMMON STUFF -->
      <file href="scormcontent/index.html" />
      <file href="scormcontent/lib/main.bundle.js"/>

      
        <file href="scormcontent/lib/fonts/icomoon.ttf"/>
        <file href="scormcontent/lib/fonts/icomoon.woff"/>

        <file href="scormcontent/lib/icomoon.css"/>
        <file href="scormcontent/lib/main.bundle.css"/>
        <file href="scormcontent/lib/player-0.0.11.min.js"/>
        <file href="scormcontent/lib/lzwcompress.js"/>
      

      <!-- RUNTIME CONTENT STUFF -->
      <file href="scormcontent/lib/fonts/87MZzT2QcsHjgxEE-ck_roxy_regular-webfont.woff" />
<file href="scormcontent/lib/fonts/Lato-Light.woff" />
<file href="scormcontent/lib/fonts/Lato-Regular.woff" />
<file href="scormcontent/lib/fonts/Lato-Bold.woff" />
<file href="scormcontent/lib/fonts/Lato-Italic.woff" />
<file href="scormcontent/lib/fonts/Lato-Black.woff" />
<file href="scormcontent/assets/XRJrAdJGsO-i-D9o_small_1585856923.png" />
<file href="scormcontent/assets/nUg3BfMyvPN4uRFI_nQmpR8QvzqcA7ZJ2.png" />
<file href="scormcontent/assets/5cBOMOk1Guc_mFG8_dJT-SBCAbtz4Ns5O.jpg" />
<file href="scormcontent/assets/VnzfbUHL3AyTxype_mountains.jpg" />
<file href="scormcontent/assets/wC_aUtfrf5NojfrD_ynM9iiDDXrPlMSYv.jpg" />
<file href="scormcontent/assets/qhGgE-OQr6KFZtvb_-nMiXN_ZiZKwO4ZN.jpg" />
<file href="scormcontent/assets/Avbj81EtWz7M9lZw__yu5a9o2Zcm6A44p.jpg" />

    </resource>
  </resources>
</manifest>
